1,Abigail Galzin,CANDIDATO
2,Adrian Mamani,CANDIDATO
3,Alex Lazarte,CANDIDATO
4,Alvaro Hinojosa,CANDIDATO
5,Carolina Melgarejo,CANDIDATO
6,Edson Cruz,CANDIDATO
7,Eduardo Arraya,CANDIDATO
8,Freddy Jimenez,CANDIDATO
9,Gualberto Riguera,CANDIDATO
10,Hector Cruz,CANDIDATO
11,Jhonn Sarabia,CANDIDATO
12,Jhosman Barbery,CANDIDATO
13,Jose Camacho,CANDIDATO
14,Lizeth Amorraga,CANDIDATO
15,Miguel Corma,USUARIO
16,Mijail Herbas,CANDIDATO
17,Rodrigo Tucuman,CANDIDATO
18,Samuel Alvarez,CANDIDATO
